pais_id;nom_pais;sag;nom_provincia;departamento;link;cant_acopi;cap_menos2;cap_2a5;cap_5a10;cap_mas10;codset
32;Argentina;Gestion de la Informacion de la SCCA;SALTA;CERRILLOS;66035;11;5;3;0;0;1,03E+25
32;Argentina;Gestion de la Informacion de la SCCA;SALTA;CHICOANA;66042;3;3;0;0;0;1,03E+25
32;Argentina;Gestion de la Informacion de la SCCA;SALTA;LA VINA;66098;0;0;0;0;0;1,03E+25
32;Argentina;Gestion de la Informacion de la SCCA;CHACO;QUITILIPI;22133;2;2;0;0;0;1,03E+25
32;Argentina;Gestion de la Informacion de la SCCA;CHACO;25 DE MAYO;22168;0;0;0;0;0;1,03E+25
32;Argentina;Gestion de la Informacion de la SCCA;SANTIAGO DEL ESTERO;JIMENEZ;86091;2;1;1;0;0;1,03E+25
32;Argentina;Gestion de la Informacion de la SCCA;CHACO;INDEPENDENCIA;22070;2;1;0;0;0;1,03E+25
32;Argentina;Gestion de la Informacion de la SCCA;CHACO;COMANDANTE FERNANDEZ;22021;25;11;7;1;1;1,03E+25
32;Argentina;Gestion de la Informacion de la SCCA;CHACO;9 DE JULIO;22105;9;3;6;0;0;1,03E+25
32;Argentina;Gestion de la Informacion de la SCCA;CHACO;GENERAL BELGRANO;22049;10;1;2;3;2;1,03E+25
32;Argentina;Gestion de la Informacion de la SCCA;CHACO;CHACABUCO;22028;16;5;3;3;3;1,03E+25
32;Argentina;Gestion de la Informacion de la SCCA;CHACO;PRESIDENTE DE LA PLAZA;22119;1;1;0;0;0;1,03E+25
32;Argentina;Gestion de la Informacion de la SCCA;CHACO;12 DE OCTUBRE;22036;8;3;2;1;1;1,03E+25
32;Argentina;Gestion de la Informacion de la SCCA;SANTIAGO DEL ESTERO;BANDA;86035;9;9;0;0;0;1,03E+25
32;Argentina;Gestion de la Informacion de la SCCA;CHACO;O'HIGGINS;22112;5;0;3;0;0;1,03E+25
32;Argentina;Gestion de la Informacion de la SCCA;CHACO;SAN LORENZO;22147;0;0;0;0;0;1,03E+25
32;Argentina;Gestion de la Informacion de la SCCA;CHACO;MAYOR LUIS J. FONTANA;22098;20;6;6;5;0;1,03E+25
32;Argentina;Gestion de la Informacion de la SCCA;CHACO;2 DE ABRIL;22039;5;2;1;0;0;1,03E+25
32;Argentina;Gestion de la Informacion de la SCCA;CORRIENTES;BERON DE ASTRADA;18014;0;0;0;0;0;1,03E+25
32;Argentina;Gestion de la Informacion de la SCCA;SANTIAGO DEL ESTERO;CAPITAL;86049;3;2;1;0;0;1,03E+25
32;Argentina;Gestion de la Informacion de la SCCA;SANTIAGO DEL ESTERO;ROBLES;86161;4;3;0;0;0;1,03E+25
32;Argentina;Gestion de la Informacion de la SCCA;CHACO;FRAY JUSTO SANTA MARIA DE ORO;22043;5;4;0;1;0;1,03E+25
32;Argentina;Gestion de la Informacion de la SCCA;SANTIAGO DEL ESTERO;SILIPICA;86189;0;0;0;0;0;1,03E+25
32;Argentina;Gestion de la Informacion de la SCCA;SANTIAGO DEL ESTERO;CHOYA;86063;0;0;0;0;0;1,03E+25
32;Argentina;Gestion de la Informacion de la SCCA;CATAMARCA;FRAY MAMERTO ESQUIU;10063;0;0;0;0;0;1,03E+25
32;Argentina;Gestion de la Informacion de la SCCA;LA RIOJA;SAN BLAS DE LOS SAUCES;46119;0;0;0;0;0;1,03E+25
32;Argentina;Gestion de la Informacion de la SCCA;SANTIAGO DEL ESTERO;LORETO;86105;0;0;0;0;0;1,03E+25
32;Argentina;Gestion de la Informacion de la SCCA;CATAMARCA;CAPITAL;10049;11;7;1;2;0;1,03E+25
32;Argentina;Gestion de la Informacion de la SCCA;LA RIOJA;CASTRO BARROS;46021;0;0;0;0;0;1,03E+25
32;Argentina;Gestion de la Informacion de la SCCA;LA RIOJA;SANAGASTA;46126;0;0;0;0;0;1,03E+25
32;Argentina;Gestion de la Informacion de la SCCA;LA RIOJA;CHILECITO;46042;3;0;1;2;0;1,03E+25
32;Argentina;Gestion de la Informacion de la SCCA;LA RIOJA;INDEPENDENCIA;46105;0;0;0;0;0;1,03E+25
32;Argentina;Gestion de la Informacion de la SCCA;LA RIOJA;GENERAL JUAN F. QUIROGA;46070;0;0;0;0;0;1,03E+25
32;Argentina;Gestion de la Informacion de la SCCA;SANTA FE;CASTELLANOS;82021;82;31;17;8;7;1,03E+25
32;Argentina;Gestion de la Informacion de la SCCA;LA RIOJA;ROSARIO VERA PENALOZA;46112;1;1;0;0;0;1,03E+25
32;Argentina;Gestion de la Informacion de la SCCA;SANTA FE;SAN MARTIN;82126;46;16;2;5;19;1,03E+25
32;Argentina;Gestion de la Informacion de la SCCA;CORDOBA;UNION;14182;111;46;24;11;12;1,03E+25
32;Argentina;Gestion de la Informacion de la SCCA;CORDOBA;GENERAL SAN MARTIN;14042;83;28;14;6;21;1,03E+25
32;Argentina;Gestion de la Informacion de la SCCA;CORDOBA;JUAREZ CELMAN;14056;82;27;4;10;26;1,03E+25
32;Argentina;Gestion de la Informacion de la SCCA;MENDOZA;SAN MARTIN;50098;8;5;2;0;1;1,03E+25
32;Argentina;Gestion de la Informacion de la SCCA;MENDOZA;SANTA ROSA;50112;0;0;0;0;0;1,03E+25
32;Argentina;Gestion de la Informacion de la SCCA;MENDOZA;JUNIN;50035;4;1;2;0;0;1,03E+25
32;Argentina;Gestion de la Informacion de la SCCA;MENDOZA;RIVADAVIA;50084;0;0;0;0;0;1,03E+25
32;Argentina;Gestion de la Informacion de la SCCA;MENDOZA;TUNUYAN;50119;0;0;0;0;0;1,03E+25
32;Argentina;Gestion de la Informacion de la SCCA;BUENOS AIRES;PERGAMINO;6623;62;32;7;6;8;1,03E+25
32;Argentina;Gestion de la Informacion de la SCCA;BUENOS AIRES;COLON;6175;6;3;0;2;1;1,03E+25
32;Argentina;Gestion de la Informacion de la SCCA;BUENOS AIRES;ARRECIFES;6077;26;10;3;1;3;1,03E+25
32;Argentina;Gestion de la Informacion de la SCCA;BUENOS AIRES;SALTO;6714;27;17;3;2;3;1,03E+25
32;Argentina;Gestion de la Informacion de la SCCA;BUENOS AIRES;CAPITAN SARMIENTO;6140;3;2;0;1;0;1,03E+25
32;Argentina;Gestion de la Informacion de la SCCA;BUENOS AIRES;CARMEN DE ARECO;6161;20;9;0;6;1;1,03E+25
32;Argentina;Gestion de la Informacion de la SCCA;BUENOS AIRES;GENERAL VILLEGAS;6392;19;9;4;4;0;1,03E+25
32;Argentina;Gestion de la Informacion de la SCCA;BUENOS AIRES;GENERAL PINTO;6351;6;3;0;2;1;1,03E+25
32;Argentina;Gestion de la Informacion de la SCCA;BUENOS AIRES;CHACABUCO;6210;59;16;6;8;9;1,03E+25
32;Argentina;Gestion de la Informacion de la SCCA;BUENOS AIRES;FLORENTINO AMEGHINO;6277;4;2;1;0;0;1,03E+25
32;Argentina;Gestion de la Informacion de la SCCA;BUENOS AIRES;SUIPACHA;6784;4;1;1;0;2;1,03E+25
32;Argentina;Gestion de la Informacion de la SCCA;BUENOS AIRES;LINCOLN;6469;20;11;0;2;2;1,03E+25
32;Argentina;Gestion de la Informacion de la SCCA;BUENOS AIRES;MERCEDES;6532;20;10;6;2;0;1,03E+25
32;Argentina;Gestion de la Informacion de la SCCA;BUENOS AIRES;BRAGADO;6112;22;8;2;5;1;1,03E+25
32;Argentina;Gestion de la Informacion de la SCCA;BUENOS AIRES;CHIVILCOY;6224;35;7;3;5;12;1,03E+25
32;Argentina;Gestion de la Informacion de la SCCA;BUENOS AIRES;GENERAL VIAMONTE;6385;8;0;0;4;3;1,03E+25
32;Argentina;Gestion de la Informacion de la SCCA;BUENOS AIRES;ALBERTI;6021;24;4;6;5;7;1,03E+25
32;Argentina;Gestion de la Informacion de la SCCA;BUENOS AIRES;NAVARRO;6574;17;8;2;3;2;1,03E+25
32;Argentina;Gestion de la Informacion de la SCCA;LA PAMPA;RANCUL;42126;2;1;1;0;0;1,03E+25
32;Argentina;Gestion de la Informacion de la SCCA;LA PAMPA;REALICO;42133;21;6;3;1;8;1,03E+25
32;Argentina;Gestion de la Informacion de la SCCA;LA PAMPA;CHAPALEUFU;42056;10;3;2;1;1;1,03E+25
32;Argentina;Gestion de la Informacion de la SCCA;BUENOS AIRES;CARLOS TEJEDOR;6154;7;0;2;2;2;1,03E+25
32;Argentina;Gestion de la Informacion de la SCCA;BUENOS AIRES;LOBOS;6483;23;15;1;5;0;1,03E+25
32;Argentina;Gestion de la Informacion de la SCCA;BUENOS AIRES;RIVADAVIA;6679;12;8;1;1;1;1,03E+25
32;Argentina;Gestion de la Informacion de la SCCA;BUENOS AIRES;9 DE JULIO;6588;40;11;10;5;10;1,03E+25
32;Argentina;Gestion de la Informacion de la SCCA;BUENOS AIRES;25 DE MAYO;6854;14;2;4;4;0;1,03E+25
32;Argentina;Gestion de la Informacion de la SCCA;LA PAMPA;TRENEL;42147;6;4;1;1;0;1,03E+25
32;Argentina;Gestion de la Informacion de la SCCA;BUENOS AIRES;CARLOS CASARES;6147;38;11;4;6;8;1,03E+25
32;Argentina;Gestion de la Informacion de la SCCA;BUENOS AIRES;MONTE;6547;4;1;1;1;0;1,03E+25
32;Argentina;Gestion de la Informacion de la SCCA;BUENOS AIRES;ROQUE PEREZ;6693;25;13;7;1;2;1,03E+25
32;Argentina;Gestion de la Informacion de la SCCA;LA PAMPA;MARACO;42105;25;15;5;4;0;1,03E+25
32;Argentina;Gestion de la Informacion de la SCCA;BUENOS AIRES;PEHUAJO;6609;8;1;1;1;2;1,03E+25
32;Argentina;Gestion de la Informacion de la SCCA;BUENOS AIRES;TRENQUE LAUQUEN;6826;18;10;3;1;3;1,03E+25
32;Argentina;Gestion de la Informacion de la SCCA;BUENOS AIRES;SALADILLO;6707;22;8;2;2;5;1,03E+25
32;Argentina;Gestion de la Informacion de la SCCA;LA PAMPA;CONHELO;42035;11;5;2;2;0;1,03E+25
32;Argentina;Gestion de la Informacion de la SCCA;BUENOS AIRES;PELLEGRINI;6616;1;1;0;0;0;1,03E+25
32;Argentina;Gestion de la Informacion de la SCCA;LA PAMPA;QUEMU QUEMU;42119;9;4;2;2;0;1,03E+25
32;Argentina;Gestion de la Informacion de la SCCA;BUENOS AIRES;BOLIVAR;6105;23;9;2;4;5;1,03E+25
32;Argentina;Gestion de la Informacion de la SCCA;LA PAMPA;LOVENTUE;42098;0;0;0;0;0;1,03E+25
32;Argentina;Gestion de la Informacion de la SCCA;BUENOS AIRES;HIPOLITO YRIGOYEN;6406;8;4;2;2;0;1,03E+25
32;Argentina;Gestion de la Informacion de la SCCA;LA PAMPA;TOAY;42140;0;0;0;0;0;1,03E+25
32;Argentina;Gestion de la Informacion de la SCCA;LA PAMPA;CAPITAL;42021;13;7;1;0;4;1,03E+25
32;Argentina;Gestion de la Informacion de la SCCA;BUENOS AIRES;TRES LOMAS;6847;3;1;0;0;2;1,03E+25
32;Argentina;Gestion de la Informacion de la SCCA;BUENOS AIRES;DAIREAUX;6231;16;5;4;4;1;1,03E+25
32;Argentina;Gestion de la Informacion de la SCCA;LA PAMPA;CATRILO;42028;28;7;7;3;6;1,03E+25
32;Argentina;Gestion de la Informacion de la SCCA;BUENOS AIRES;OLAVARRIA;6595;18;4;7;2;4;1,03E+25
32;Argentina;Gestion de la Informacion de la SCCA;BUENOS AIRES;TORDILLO;6812;4;3;1;0;0;1,03E+25
32;Argentina;Gestion de la Informacion de la SCCA;BUENOS AIRES;GUAMINI;6399;5;2;0;2;1;1,03E+25
32;Argentina;Gestion de la Informacion de la SCCA;BUENOS AIRES;SALLIQUELO;6721;7;1;4;2;0;1,03E+25
32;Argentina;Gestion de la Informacion de la SCCA;BUENOS AIRES;GENERAL GUIDO;6308;0;0;0;0;0;1,03E+25
32;Argentina;Gestion de la Informacion de la SCCA;BUENOS AIRES;ADOLFO ALSINA;6007;21;6;6;3;2;1,03E+25
32;Argentina;Gestion de la Informacion de la SCCA;BUENOS AIRES;LA COSTA;6420;0;0;0;0;0;1,03E+25
32;Argentina;Gestion de la Informacion de la SCCA;BUENOS AIRES;GENERAL LAVALLE;6336;0;0;0;0;0;1,03E+25
32;Argentina;Gestion de la Informacion de la SCCA;BUENOS AIRES;AYACUCHO;6042;1;0;0;1;0;1,03E+25
32;Argentina;Gestion de la Informacion de la SCCA;LA PAMPA;LIMAY MAHUIDA;42091;0;0;0;0;0;1,03E+25
32;Argentina;Gestion de la Informacion de la SCCA;LA PAMPA;ATREUCO;42007;14;6;1;3;2;1,03E+25
32;Argentina;Gestion de la Informacion de la SCCA;BUENOS AIRES;MAIPU;6511;6;3;0;2;0;1,03E+25
32;Argentina;Gestion de la Informacion de la SCCA;LA PAMPA;UTRACAN;42154;1;1;0;0;0;1,03E+25
32;Argentina;Gestion de la Informacion de la SCCA;BUENOS AIRES;GENERAL LA MADRID;6322;5;5;0;0;0;1,03E+25
32;Argentina;Gestion de la Informacion de la SCCA;BUENOS AIRES;CORONEL SUAREZ;6203;21;12;2;4;0;1,03E+25
32;Argentina;Gestion de la Informacion de la SCCA;BUENOS AIRES;GENERAL JUAN MADARIAGA;6315;7;5;1;0;0;1,03E+25
32;Argentina;Gestion de la Informacion de la SCCA;BUENOS AIRES;LAPRIDA;6448;4;1;2;0;0;1,03E+25
32;Argentina;Gestion de la Informacion de la SCCA;LA PAMPA;GUATRACHE;42070;3;2;0;1;0;1,03E+25
32;Argentina;Gestion de la Informacion de la SCCA;BUENOS AIRES;PINAMAR;6644;0;0;0;0;0;1,03E+25
32;Argentina;Gestion de la Informacion de la SCCA;BUENOS AIRES;SAAVEDRA;6700;11;3;3;2;3;1,03E+25
32;Argentina;Gestion de la Informacion de la SCCA;BUENOS AIRES;MAR CHIQUITA;6518;9;7;1;0;0;1,03E+25
32;Argentina;Gestion de la Informacion de la SCCA;BUENOS AIRES;VILLA GESELL;6868;0;0;0;0;0;1,03E+25
32;Argentina;Gestion de la Informacion de la SCCA;LA PAMPA;HUCAL;42077;10;3;1;2;1;1,03E+25
32;Argentina;Gestion de la Informacion de la SCCA;BUENOS AIRES;CORONEL PRINGLES;6196;30;13;5;5;5;1,03E+25
32;Argentina;Gestion de la Informacion de la SCCA;BUENOS AIRES;TORNQUIST;6819;11;1;3;3;1;1,03E+25
32;Argentina;Gestion de la Informacion de la SCCA;BUENOS AIRES;GENERAL PUEYRREDON;6357;17;7;2;3;3;1,03E+25
32;Argentina;Gestion de la Informacion de la SCCA;BUENOS AIRES;GENERAL ALVARADO;6280;0;0;0;0;0;1,03E+25
32;Argentina;Gestion de la Informacion de la SCCA;BUENOS AIRES;CORONEL DORREGO;6189;17;5;1;4;6;1,03E+25
32;Argentina;Gestion de la Informacion de la SCCA;BUENOS AIRES;BAHIA BLANCA;6056;50;14;11;1;10;1,03E+25
32;Argentina;Gestion de la Informacion de la SCCA;BUENOS AIRES;CORONEL DE MARINA L ROSALES;6182;5;3;0;0;0;1,03E+25
32;Argentina;Gestion de la Informacion de la SCCA;BUENOS AIRES;MONTE HERMOSO;6553;0;0;0;0;0;1,03E+25
32;Argentina;Gestion de la Informacion de la SCCA;RIO NEGRO;9 DE JULIO;62049;0;0;0;0;0;1,03E+25
32;Argentina;Gestion de la Informacion de la SCCA;CHUBUT;PASO DE INDIOS;26070;0;0;0;0;0;1,03E+25
32;Argentina;Gestion de la Informacion de la SCCA;SALTA;IRUYA;66070;0;0;0;0;0;1,03E+25
32;Argentina;Gestion de la Informacion de la SCCA;FORMOSA;MATACOS;34028;0;0;0;0;0;1,03E+25
32;Argentina;Gestion de la Informacion de la SCCA;SALTA;CACHI;66014;0;0;0;0;0;1,03E+25
32;Argentina;Gestion de la Informacion de la SCCA;SALTA;MOLINOS;66119;0;0;0;0;0;1,03E+25
32;Argentina;Gestion de la Informacion de la SCCA;SALTA;GUACHIPAS;66063;0;0;0;0;0;1,03E+25
32;Argentina;Gestion de la Informacion de la SCCA;FORMOSA;PIRANE;34056;3;3;0;0;0;1,03E+25
32;Argentina;Gestion de la Informacion de la SCCA;SALTA;LA CANDELARIA;66084;0;0;0;0;0;1,03E+25
32;Argentina;Gestion de la Informacion de la SCCA;SALTA;CAFAYATE;66021;0;0;0;0;0;1,03E+25
32;Argentina;Gestion de la Informacion de la SCCA;CATAMARCA;BELEN;10035;0;0;0;0;0;1,03E+25
32;Argentina;Gestion de la Informacion de la SCCA;CHACO;MAIPU;22091;3;0;2;0;0;1,03E+25
32;Argentina;Gestion de la Informacion de la SCCA;CHACO;SARGENTO CABRAL;22154;0;0;0;0;0;1,03E+25
32;Argentina;Gestion de la Informacion de la SCCA;CATAMARCA;EL ALTO;10056;0;0;0;0;0;1,03E+25
32;Argentina;Gestion de la Informacion de la SCCA;LA RIOJA;ARAUCO;46007;0;0;0;0;0;1,03E+25
32;Argentina;Gestion de la Informacion de la SCCA;LA RIOJA;FAMATINA;46049;0;0;0;0;0;1,03E+25
32;Argentina;Gestion de la Informacion de la SCCA;CATAMARCA;CAPAYAN;10042;0;0;0;0;0;1,03E+25
32;Argentina;Gestion de la Informacion de la SCCA;CATAMARCA;VALLE VIEJO;10112;1;1;0;0;0;1,03E+25
32;Argentina;Gestion de la Informacion de la SCCA;CATAMARCA;ANCASTI;10014;0;0;0;0;0;1,03E+25
32;Argentina;Gestion de la Informacion de la SCCA;CATAMARCA;LA PAZ;10070;0;0;0;0;0;1,03E+25
32;Argentina;Gestion de la Informacion de la SCCA;LA RIOJA;CAPITAL;46014;4;1;3;0;0;1,03E+25
32;Argentina;Gestion de la Informacion de la SCCA;LA RIOJA;CORONEL FELIPE VARELA;46028;0;0;0;0;0;1,03E+25
32;Argentina;Gestion de la Informacion de la SCCA;CORDOBA;SOBREMONTE;14154;2;2;0;0;0;1,03E+25
32;Argentina;Gestion de la Informacion de la SCCA;SAN JUAN;JACHAL;70056;0;0;0;0;0;1,03E+25
32;Argentina;Gestion de la Informacion de la SCCA;LA RIOJA;GENERAL ANGEL V. PENALOZA;46056;0;0;0;0;0;1,03E+25
32;Argentina;Gestion de la Informacion de la SCCA;LA RIOJA;CHAMICAL;46035;0;0;0;0;0;1,03E+25
32;Argentina;Gestion de la Informacion de la SCCA;BUENOS AIRES;PUAN;6651;14;6;4;0;2;1,03E+25
32;Argentina;Gestion de la Informacion de la SCCA;RIO NEGRO;CONESA;62028;0;0;0;0;0;1,03E+25
32;Argentina;Gestion de la Informacion de la SCCA;RIO NEGRO;VALCHETA;62084;0;0;0;0;0;1,03E+25
32;Argentina;Gestion de la Informacion de la SCCA;RIO NEGRO;25 DE MAYO;62091;0;0;0;0;0;1,03E+25
32;Argentina;Gestion de la Informacion de la SCCA;RIO NEGRO;NORQUINCO;62056;0;0;0;0;0;1,03E+25
32;Argentina;Gestion de la Informacion de la SCCA;CHUBUT;TELSEN;26105;0;0;0;0;0;1,03E+25
32;Argentina;Gestion de la Informacion de la SCCA;CHUBUT;SARMIENTO;26091;0;0;0;0;0;1,03E+25
32;Argentina;Gestion de la Informacion de la SCCA;BUENOS AIRES;GENERAL PAZ;6343;3;1;1;0;0;1,03E+25
32;Argentina;Gestion de la Informacion de la SCCA;JUJUY;SANTA CATALINA;38077;0;0;0;0;0;1,03E+25
32;Argentina;Gestion de la Informacion de la SCCA;SALTA;GENERAL JOSE DE SAN MARTIN;66056;38;26;5;0;1;1,03E+25
32;Argentina;Gestion de la Informacion de la SCCA;SALTA;RIVADAVIA;66133;1;1;0;0;0;1,03E+25
32;Argentina;Gestion de la Informacion de la SCCA;JUJUY;YAVI;38112;0;0;0;0;0;1,03E+25
32;Argentina;Gestion de la Informacion de la SCCA;SALTA;SANTA VICTORIA;66161;0;0;0;0;0;1,03E+25
32;Argentina;Gestion de la Informacion de la SCCA;JUJUY;RINCONADA;38049;0;0;0;0;0;1,03E+25
32;Argentina;Gestion de la Informacion de la SCCA;JUJUY;COCHINOCA;38007;0;0;0;0;0;1,03E+25
32;Argentina;Gestion de la Informacion de la SCCA;SALTA;ORAN;66126;2;2;0;0;0;1,03E+25
32;Argentina;Gestion de la Informacion de la SCCA;FORMOSA;RAMON LISTA;34063;0;0;0;0;0;1,03E+25
32;Argentina;Gestion de la Informacion de la SCCA;JUJUY;HUMAHUACA;38028;0;0;0;0;0;1,03E+25
32;Argentina;Gestion de la Informacion de la SCCA;JUJUY;SUSQUES;38084;0;0;0;0;0;1,03E+25
32;Argentina;Gestion de la Informacion de la SCCA;FORMOSA;BERMEJO;34007;1;1;0;0;0;1,03E+25
32;Argentina;Gestion de la Informacion de la SCCA;JUJUY;VALLE GRANDE;38105;0;0;0;0;0;1,03E+25
32;Argentina;Gestion de la Informacion de la SCCA;JUJUY;TILCARA;38094;0;0;0;0;0;1,03E+25
32;Argentina;Gestion de la Informacion de la SCCA;JUJUY;TUMBAYA;38098;0;0;0;0;0;1,03E+25
32;Argentina;Gestion de la Informacion de la SCCA;SALTA;LA POMA;66091;0;0;0;0;0;1,03E+25
32;Argentina;Gestion de la Informacion de la SCCA;JUJUY;LEDESMA;38035;0;0;0;0;0;1,03E+25
32;Argentina;Gestion de la Informacion de la SCCA;JUJUY;SANTA BARBARA;38070;0;0;0;0;0;1,03E+25
32;Argentina;Gestion de la Informacion de la SCCA;SALTA;LOS ANDES;66105;0;0;0;0;0;1,03E+25
32;Argentina;Gestion de la Informacion de la SCCA;JUJUY;DR. MANUEL BELGRANO;38021;4;1;1;0;0;1,03E+25
32;Argentina;Gestion de la Informacion de la SCCA;SALTA;ROSARIO DE LERMA;66147;9;9;0;0;0;1,03E+25
32;Argentina;Gestion de la Informacion de la SCCA;JUJUY;SAN PEDRO;38063;0;0;0;0;0;1,03E+25
32;Argentina;Gestion de la Informacion de la SCCA;JUJUY;PALPALA;38042;1;1;0;0;0;1,03E+25
32;Argentina;Gestion de la Informacion de la SCCA;FORMOSA;PATINO;34035;0;0;0;0;0;1,03E+25
32;Argentina;Gestion de la Informacion de la SCCA;SALTA;ANTA;66007;4;1;0;1;2;1,03E+25
32;Argentina;Gestion de la Informacion de la SCCA;CHACO;GENERAL GUEMES;22063;0;0;0;0;0;1,03E+25
32;Argentina;Gestion de la Informacion de la SCCA;JUJUY;SAN ANTONIO;38056;1;1;0;0;0;1,03E+25
32;Argentina;Gestion de la Informacion de la SCCA;JUJUY;EL CARMEN;38014;7;2;0;1;3;1,03E+25
32;Argentina;Gestion de la Informacion de la SCCA;SALTA;LA CALDERA;66077;0;0;0;0;0;1,03E+25
32;Argentina;Gestion de la Informacion de la SCCA;SALTA;GENERAL GUEMES;66049;7;2;0;3;1;1,03E+25
32;Argentina;Gestion de la Informacion de la SCCA;SALTA;CAPITAL;66028;71;39;10;10;4;1,03E+25
32;Argentina;Gestion de la Informacion de la SCCA;FORMOSA;PILAGAS;34042;0;0;0;0;0;1,03E+25
32;Argentina;Gestion de la Informacion de la SCCA;CHACO;ALMIRANTE BROWN;22007;4;0;1;0;3;1,03E+25
32;Argentina;Gestion de la Informacion de la SCCA;SALTA;METAN;66112;24;12;4;2;0;1,03E+25
32;Argentina;Gestion de la Informacion de la SCCA;FORMOSA;PILCOMAYO;34049;0;0;0;0;0;1,03E+25
32;Argentina;Gestion de la Informacion de la SCCA;SALTA;SAN CARLOS;66154;1;1;0;0;0;1,03E+25
32;Argentina;Gestion de la Informacion de la SCCA;CATAMARCA;ANTOFAGASTA DE LA SIERRA;10028;0;0;0;0;0;1,03E+25
32;Argentina;Gestion de la Informacion de la SCCA;SALTA;ROSARIO DE LA FRONTERA;66140;11;6;4;0;0;1,03E+25
32;Argentina;Gestion de la Informacion de la SCCA;SANTIAGO DEL ESTERO;COPO;86056;0;0;0;0;0;1,03E+25
32;Argentina;Gestion de la Informacion de la SCCA;SANTIAGO DEL ESTERO;PELLEGRINI;86133;2;2;0;0;0;1,03E+25
32;Argentina;Gestion de la Informacion de la SCCA;FORMOSA;FORMOSA;34014;10;8;1;0;0;1,03E+25
32;Argentina;Gestion de la Informacion de la SCCA;CHACO;LIBERTADOR GENERAL SAN MARTIN;22084;7;5;2;0;0;1,03E+25
32;Argentina;Gestion de la Informacion de la SCCA;MISIONES;GENERAL MANUEL BELGRANO;54049;7;7;0;0;0;1,03E+25
32;Argentina;Gestion de la Informacion de la SCCA;MISIONES;IGUAZU;54063;8;2;5;1;0;1,03E+25
32;Argentina;Gestion de la Informacion de la SCCA;TUCUMAN;TRANCAS;90112;1;1;0;0;0;1,03E+25
32;Argentina;Gestion de la Informacion de la SCCA;CATAMARCA;SANTA MARIA;10091;0;0;0;0;0;1,03E+25
32;Argentina;Gestion de la Informacion de la SCCA;TUCUMAN;BURRUYACU;90007;1;0;0;1;0;1,03E+25
32;Argentina;Gestion de la Informacion de la SCCA;TUCUMAN;TAFI DEL VALLE;90098;0;0;0;0;0;1,03E+25
32;Argentina;Gestion de la Informacion de la SCCA;SANTIAGO DEL ESTERO;ALBERDI;86014;0;0;0;0;0;1,03E+25
32;Argentina;Gestion de la Informacion de la SCCA;FORMOSA;LAISHI;34021;1;1;0;0;0;1,03E+25
32;Argentina;Gestion de la Informacion de la SCCA;TUCUMAN;TAFI VIEJO;90105;2;2;0;0;0;1,03E+25
32;Argentina;Gestion de la Informacion de la SCCA;MISIONES;ELDORADO;54042;9;9;0;0;0;1,03E+25
32;Argentina;Gestion de la Informacion de la SCCA;CATAMARCA;TINOGASTA;10105;0;0;0;0;0;1,03E+25
32;Argentina;Gestion de la Informacion de la SCCA;TUCUMAN;LULES;90063;8;6;0;0;2;1,03E+25
32;Argentina;Gestion de la Informacion de la SCCA;TUCUMAN;YERBA BUENA;90119;1;1;0;0;0;1,03E+25
32;Argentina;Gestion de la Informacion de la SCCA;TUCUMAN;CRUZ ALTA;90014;22;4;4;1;7;1,03E+25
32;Argentina;Gestion de la Informacion de la SCCA;CHACO;BERMEJO;22014;1;1;0;0;0;1,03E+25
32;Argentina;Gestion de la Informacion de la SCCA;TUCUMAN;CAPITAL;90084;35;22;5;0;2;1,03E+25
32;Argentina;Gestion de la Informacion de la SCCA;SANTIAGO DEL ESTERO;FIGUEROA;86070;0;0;0;0;0;1,03E+25
32;Argentina;Gestion de la Informacion de la SCCA;MISIONES;SAN PEDRO;54112;1;1;0;0;0;1,03E+25
32;Argentina;Gestion de la Informacion de la SCCA;TUCUMAN;FAMAILLA;90028;0;0;0;0;0;1,03E+25
32;Argentina;Gestion de la Informacion de la SCCA;SANTIAGO DEL ESTERO;MORENO;86119;2;0;1;0;0;1,03E+25
32;Argentina;Gestion de la Informacion de la SCCA;TUCUMAN;MONTEROS;90070;0;0;0;0;0;1,03E+25
32;Argentina;Gestion de la Informacion de la SCCA;MISIONES;MONTECARLO;54084;2;0;2;0;0;1,03E+25
32;Argentina;Gestion de la Informacion de la SCCA;TUCUMAN;LEALES;90056;1;0;0;0;1;1,03E+25
32;Argentina;Gestion de la Informacion de la SCCA;TUCUMAN;CHICLIGASTA;90021;1;1;0;0;0;1,03E+25
32;Argentina;Gestion de la Informacion de la SCCA;CHACO;1 DE MAYO;22126;0;0;0;0;0;1,03E+25
32;Argentina;Gestion de la Informacion de la SCCA;CHACO;GENERAL DONOVAN;22056;1;1;0;0;0;1,03E+25
32;Argentina;Gestion de la Informacion de la SCCA;MISIONES;LIBERTADOR GENERAL SAN MARTIN;54077;3;3;0;0;0;1,03E+25
32;Argentina;Gestion de la Informacion de la SCCA;MISIONES;GUARANI;54056;2;2;0;0;0;1,03E+25
32;Argentina;Gestion de la Informacion de la SCCA;SANTIAGO DEL ESTERO;RIO HONDO;86147;0;0;0;0;0;1,03E+25
32;Argentina;Gestion de la Informacion de la SCCA;CATAMARCA;ANDALGALA;10021;0;0;0;0;0;1,03E+25
32;Argentina;Gestion de la Informacion de la SCCA;TUCUMAN;SIMOCA;90091;0;0;0;0;0;1,03E+25
32;Argentina;Gestion de la Informacion de la SCCA;CHACO;LIBERTAD;22077;1;1;0;0;0;1,03E+25
32;Argentina;Gestion de la Informacion de la SCCA;MISIONES;SAN IGNACIO;54098;1;1;0;0;0;1,03E+25
32;Argentina;Gestion de la Informacion de la SCCA;TUCUMAN;RIO CHICO;90077;0;0;0;0;0;1,03E+25
32;Argentina;Gestion de la Informacion de la SCCA;MISIONES;CAINGUAS;54014;2;2;0;0;0;1,03E+25
32;Argentina;Gestion de la Informacion de la SCCA;CHACO;TAPENAGA;22161;0;0;0;0;0;1,03E+25
32;Argentina;Gestion de la Informacion de la SCCA;TUCUMAN;JUAN B. ALBERDI;90042;0;0;0;0;0;1,03E+25
32;Argentina;Gestion de la Informacion de la SCCA;CORRIENTES;SAN COSME;18133;0;0;0;0;0;1,03E+25
32;Argentina;Gestion de la Informacion de la SCCA;CORRIENTES;ITATI;18077;0;0;0;0;0;1,03E+25
32;Argentina;Gestion de la Informacion de la SCCA;CHACO;SAN FERNANDO;22140;36;21;4;1;8;1,03E+25
32;Argentina;Gestion de la Informacion de la SCCA;TUCUMAN;GRANEROS;90035;0;0;0;0;0;1,03E+25
32;Argentina;Gestion de la Informacion de la SCCA;CORRIENTES;CAPITAL;18021;31;24;5;0;2;1,03E+25
32;Argentina;Gestion de la Informacion de la SCCA;CATAMARCA;AMBATO;10007;0;0;0;0;0;1,03E+25
32;Argentina;Gestion de la Informacion de la SCCA;CORRIENTES;SAN LUIS DEL PALMAR;18140;1;0;0;0;1;1,03E+25
32;Argentina;Gestion de la Informacion de la SCCA;MISIONES;OBERA;54091;10;10;0;0;0;1,03E+25
32;Argentina;Gestion de la Informacion de la SCCA;TUCUMAN;LA COCHA;90049;0;0;0;0;0;1,03E+25
32;Argentina;Gestion de la Informacion de la SCCA;MISIONES;25 DE  MAYO;54119;0;0;0;0;0;1,03E+25
32;Argentina;Gestion de la Informacion de la SCCA;CATAMARCA;POMAN;10084;0;0;0;0;0;1,03E+25
32;Argentina;Gestion de la Informacion de la SCCA;SANTIAGO DEL ESTERO;GUASAYAN;86084;0;0;0;0;0;1,03E+25
32;Argentina;Gestion de la Informacion de la SCCA;CORRIENTES;ITUZAINGO;18084;2;2;0;0;0;1,03E+25
32;Argentina;Gestion de la Informacion de la SCCA;MISIONES;CANDELARIA;54021;3;3;0;0;0;1,03E+25
32;Argentina;Gestion de la Informacion de la SCCA;MISIONES;CAPITAL;54028;18;18;0;0;0;1,03E+25
32;Argentina;Gestion de la Informacion de la SCCA;CORRIENTES;GENERAL PAZ;18063;7;6;1;0;0;1,03E+25
32;Argentina;Gestion de la Informacion de la SCCA;LA RIOJA;VINCHINA;46098;0;0;0;0;0;1,03E+25
32;Argentina;Gestion de la Informacion de la SCCA;SANTIAGO DEL ESTERO;JUAN F. IBARRA;86098;0;0;0;0;0;1,03E+25
32;Argentina;Gestion de la Informacion de la SCCA;CORRIENTES;SAN MIGUEL;18154;2;2;0;0;0;1,03E+25
32;Argentina;Gestion de la Informacion de la SCCA;CATAMARCA;PACLIN;10077;0;0;0;0;0;1,03E+25
32;Argentina;Gestion de la Informacion de la SCCA;CORRIENTES;EMPEDRADO;18042;0;0;0;0;0;1,03E+25
32;Argentina;Gestion de la Informacion de la SCCA;SANTIAGO DEL ESTERO;SARMIENTO;86182;0;0;0;0;0;1,03E+25
32;Argentina;Gestion de la Informacion de la SCCA;CATAMARCA;SANTA ROSA;10098;2;0;2;0;0;1,03E+25
32;Argentina;Gestion de la Informacion de la SCCA;MISIONES;LEANDRO N. ALEM;54070;8;6;0;2;0;1,03E+25
32;Argentina;Gestion de la Informacion de la SCCA;SANTIAGO DEL ESTERO;SAN MARTIN;86175;0;0;0;0;0;1,03E+25
32;Argentina;Gestion de la Informacion de la SCCA;CORRIENTES;MBURUCUYA;18098;0;0;0;0;0;1,03E+25
32;Argentina;Gestion de la Informacion de la SCCA;MISIONES;SAN JAVIER;54105;3;3;0;0;0;1,03E+25
32;Argentina;Gestion de la Informacion de la SCCA;MISIONES;APOSTOLES;54007;2;1;1;0;0;1,03E+25
32;Argentina;Gestion de la Informacion de la SCCA;SANTA FE;9 DE JULIO;82077;2;0;1;0;0;1,03E+25
32;Argentina;Gestion de la Informacion de la SCCA;SANTA FE;VERA;82133;16;11;0;2;2;1,03E+25
32;Argentina;Gestion de la Informacion de la SCCA;CORRIENTES;SANTO TOME;18168;11;9;1;1;0;1,03E+25
32;Argentina;Gestion de la Informacion de la SCCA;SANTA FE;GENERAL OBLIGADO;82049;95;51;10;8;14;1,03E+25
32;Argentina;Gestion de la Informacion de la SCCA;MISIONES;CONCEPCION;54035;3;3;0;0;0;1,03E+25
32;Argentina;Gestion de la Informacion de la SCCA;CORRIENTES;SALADAS;18126;2;2;0;0;0;1,03E+25
32;Argentina;Gestion de la Informacion de la SCCA;SANTIAGO DEL ESTERO;AVELLANEDA;86028;0;0;0;0;0;1,03E+25
32;Argentina;Gestion de la Informacion de la SCCA;CORRIENTES;CONCEPCION;18028;2;2;0;0;0;1,03E+25
32;Argentina;Gestion de la Informacion de la SCCA;LA RIOJA;GENERAL LAMADRID;46077;0;0;0;0;0;1,03E+25
32;Argentina;Gestion de la Informacion de la SCCA;SANTIAGO DEL ESTERO;GENERAL TABOADA;86077;0;0;0;0;0;1,03E+25
32;Argentina;Gestion de la Informacion de la SCCA;CORRIENTES;BELLA VISTA;18007;1;0;0;0;0;1,03E+25
32;Argentina;Gestion de la Informacion de la SCCA;SANTIAGO DEL ESTERO;ATAMISQUI;86021;0;0;0;0;0;1,03E+25
32;Argentina;Gestion de la Informacion de la SCCA;SAN JUAN;IGLESIA;70049;0;0;0;0;0;1,03E+25
32;Argentina;Gestion de la Informacion de la SCCA;CORRIENTES;SAN ROQUE;18161;0;0;0;0;0;1,03E+25
32;Argentina;Gestion de la Informacion de la SCCA;CORRIENTES;SAN MARTIN;18147;3;0;0;2;0;1,03E+25
32;Argentina;Gestion de la Informacion de la SCCA;SANTIAGO DEL ESTERO;SALAVINA;86168;0;0;0;0;0;1,03E+25
32;Argentina;Gestion de la Informacion de la SCCA;SANTIAGO DEL ESTERO;OJO DE AGUA;86126;0;0;0;0;0;1,03E+25
32;Argentina;Gestion de la Informacion de la SCCA;CORRIENTES;GENERAL ALVEAR;18056;0;0;0;0;0;1,03E+25
32;Argentina;Gestion de la Informacion de la SCCA;CORRIENTES;MERCEDES;18105;24;7;5;4;5;1,03E+25
32;Argentina;Gestion de la Informacion de la SCCA;SANTIAGO DEL ESTERO;AGUIRRE;86007;0;0;0;0;0;1,03E+25
32;Argentina;Gestion de la Informacion de la SCCA;SANTIAGO DEL ESTERO;BELGRANO;86042;2;0;1;0;0;1,03E+25
32;Argentina;Gestion de la Informacion de la SCCA;SANTIAGO DEL ESTERO;QUEBRACHOS;86140;0;0;0;0;0;1,03E+25
32;Argentina;Gestion de la Informacion de la SCCA;CORRIENTES;LAVALLE;18091;2;0;2;0;0;1,03E+25
32;Argentina;Gestion de la Informacion de la SCCA;CORRIENTES;GOYA;18070;18;9;3;0;3;1,03E+25
32;Argentina;Gestion de la Informacion de la SCCA;SANTIAGO DEL ESTERO;MITRE;86112;0;0;0;0;0;1,03E+25
32;Argentina;Gestion de la Informacion de la SCCA;CORRIENTES;CURUZU CUATIA;18035;9;7;1;0;0;1,03E+25
32;Argentina;Gestion de la Informacion de la SCCA;CORRIENTES;PASO DE LOS LIBRES;18119;10;2;1;0;7;1,03E+25
32;Argentina;Gestion de la Informacion de la SCCA;SANTA FE;SAN JAVIER;82098;15;9;3;0;2;1,03E+25
32;Argentina;Gestion de la Informacion de la SCCA;CORDOBA;TULUMBA;14175;0;0;0;0;0;1,03E+25
32;Argentina;Gestion de la Informacion de la SCCA;SANTA FE;SAN CRISTOBAL;82091;43;10;8;1;0;1,03E+25
32;Argentina;Gestion de la Informacion de la SCCA;CORRIENTES;ESQUINA;18049;0;0;0;0;0;1,03E+25
32;Argentina;Gestion de la Informacion de la SCCA;CORDOBA;RIO SECO;14112;2;2;0;0;0;1,03E+25
32;Argentina;Gestion de la Informacion de la SCCA;SANTIAGO DEL ESTERO;RIVADAVIA;86154;4;2;1;0;0;1,03E+25
32;Argentina;Gestion de la Informacion de la SCCA;SAN JUAN;VALLE FERTIL;70119;0;0;0;0;0;1,03E+25
32;Argentina;Gestion de la Informacion de la SCCA;CORRIENTES;SAUCE;18175;0;0;0;0;0;1,03E+25
32;Argentina;Gestion de la Informacion de la SCCA;CORDOBA;CRUZ DEL EJE;14028;2;2;0;0;0;1,03E+25
32;Argentina;Gestion de la Informacion de la SCCA;SANTA FE;SAN JUSTO;82112;25;7;6;4;1;1,03E+25
32;Argentina;Gestion de la Informacion de la SCCA;CORDOBA;ISCHILIN;14049;3;3;0;0;0;1,03E+25
32;Argentina;Gestion de la Informacion de la SCCA;CORRIENTES;MONTE CASEROS;18112;6;3;2;0;1;1,03E+25
32;Argentina;Gestion de la Informacion de la SCCA;SAN JUAN;CALINGASTA;70021;0;0;0;0;0;1,03E+25
32;Argentina;Gestion de la Informacion de la SCCA;ENTRE RIOS;FELICIANO;30042;5;5;0;0;0;1,03E+25
32;Argentina;Gestion de la Informacion de la SCCA;LA RIOJA;GENERAL BELGRANO;46063;0;0;0;0;0;1,03E+25
32;Argentina;Gestion de la Informacion de la SCCA;CORDOBA;SAN JUSTO;14140;83;30;14;7;15;1,03E+25
32;Argentina;Gestion de la Informacion de la SCCA;CORDOBA;TOTORAL;14168;27;10;7;1;1;1,03E+25
32;Argentina;Gestion de la Informacion de la SCCA;ENTRE RIOS;LA PAZ;30070;18;7;5;1;2;1,03E+25
32;Argentina;Gestion de la Informacion de la SCCA;ENTRE RIOS;FEDERACION;30028;15;10;1;0;0;1,03E+25
32;Argentina;Gestion de la Informacion de la SCCA;CORDOBA;RIO PRIMERO;14105;30;15;6;4;2;1,03E+25
32;Argentina;Gestion de la Informacion de la SCCA;SAN JUAN;ULLUM;70112;0;0;0;0;0;1,03E+25
32;Argentina;Gestion de la Informacion de la SCCA;CORDOBA;MINAS;14070;0;0;0;0;0;1,03E+25
32;Argentina;Gestion de la Informacion de la SCCA;CORDOBA;PUNILLA;14091;2;2;0;0;0;1,03E+25
32;Argentina;Gestion de la Informacion de la SCCA;SANTA FE;LAS COLONIAS;82070;60;27;9;8;9;1,03E+25
32;Argentina;Gestion de la Informacion de la SCCA;LA RIOJA;GENERAL OCAMPO;46084;1;1;0;0;0;1,03E+25
32;Argentina;Gestion de la Informacion de la SCCA;SANTA FE;GARAY;82035;6;2;0;0;2;1,03E+25
32;Argentina;Gestion de la Informacion de la SCCA;ENTRE RIOS;FEDERAL;30035;7;6;0;0;1;1,03E+25
32;Argentina;Gestion de la Informacion de la SCCA;CORDOBA;COLON;14021;47;19;7;1;1;1,03E+25
32;Argentina;Gestion de la Informacion de la SCCA;SAN JUAN;CAUCETE;70035;0;0;0;0;0;1,03E+25
32;Argentina;Gestion de la Informacion de la SCCA;SAN JUAN;ANGACO;70014;0;0;0;0;0;1,03E+25
32;Argentina;Gestion de la Informacion de la SCCA;SAN JUAN;ALBARDON;70007;0;0;0;0;0;1,03E+25
32;Argentina;Gestion de la Informacion de la SCCA;ENTRE RIOS;CONCORDIA;30015;13;3;0;3;2;1,03E+25
32;Argentina;Gestion de la Informacion de la SCCA;SANTA FE;LA CAPITAL;82063;47;25;6;4;8;1,03E+25
32;Argentina;Gestion de la Informacion de la SCCA;LA RIOJA;GENERAL SAN MARTIN;46091;0;0;0;0;0;1,03E+25
32;Argentina;Gestion de la Informacion de la SCCA;CORDOBA;POCHO;14077;0;0;0;0;0;1,03E+25
32;Argentina;Gestion de la Informacion de la SCCA;SAN JUAN;ZONDA;70133;0;0;0;0;0;1,03E+25
32;Argentina;Gestion de la Informacion de la SCCA;CORDOBA;CAPITAL;14014;103;62;21;2;4;1,03E+25
32;Argentina;Gestion de la Informacion de la SCCA;ENTRE RIOS;PARANA;30084;150;65;21;8;12;1,03E+25
32;Argentina;Gestion de la Informacion de la SCCA;CORDOBA;RIO SEGUNDO;14119;158;66;30;13;25;1,03E+25
32;Argentina;Gestion de la Informacion de la SCCA;CORDOBA;SANTA MARIA;14147;35;11;13;4;1;1,03E+25
32;Argentina;Gestion de la Informacion de la SCCA;CORDOBA;SAN ALBERTO;14126;0;0;0;0;0;1,03E+25
32;Argentina;Gestion de la Informacion de la SCCA;ENTRE RIOS;VILLAGUAY;30113;18;10;3;0;2;1,03E+25
32;Argentina;Gestion de la Informacion de la SCCA;ENTRE RIOS;SAN SALVADOR;30088;37;22;0;6;4;1,03E+25
32;Argentina;Gestion de la Informacion de la SCCA;SAN JUAN;SAN MARTIN;70091;0;0;0;0;0;1,03E+25
32;Argentina;Gestion de la Informacion de la SCCA;SAN JUAN;CHIMBAS;70042;1;0;0;0;0;1,03E+25
32;Argentina;Gestion de la Informacion de la SCCA;SAN JUAN;RIVADAVIA;70084;0;0;0;0;0;1,03E+25
32;Argentina;Gestion de la Informacion de la SCCA;SAN JUAN;SANTA LUCIA;70098;1;0;0;0;0;1,03E+25
32;Argentina;Gestion de la Informacion de la SCCA;SAN JUAN;CAPITAL;70028;9;6;0;0;0;1,03E+25
32;Argentina;Gestion de la Informacion de la SCCA;SAN JUAN;9 DE JULIO;70063;0;0;0;0;0;1,03E+25
32;Argentina;Gestion de la Informacion de la SCCA;SAN JUAN;RAWSON;70077;0;0;0;0;0;1,03E+25
32;Argentina;Gestion de la Informacion de la SCCA;SAN JUAN;POCITO;70070;3;2;0;0;0;1,03E+25
32;Argentina;Gestion de la Informacion de la SCCA;SAN JUAN;25 DE MAYO;70126;2;2;0;0;0;1,03E+25
32;Argentina;Gestion de la Informacion de la SCCA;CORDOBA;CALAMUCHITA;14007;6;1;1;0;2;1,03E+25
32;Argentina;Gestion de la Informacion de la SCCA;SAN JUAN;SARMIENTO;70105;0;0;0;0;0;1,03E+25
32;Argentina;Gestion de la Informacion de la SCCA;SAN LUIS;AYACUCHO;74007;0;0;0;0;0;1,03E+25
32;Argentina;Gestion de la Informacion de la SCCA;CORDOBA;SAN JAVIER;14133;0;0;0;0;0;1,03E+25
32;Argentina;Gestion de la Informacion de la SCCA;SAN LUIS;JUNIN;74049;0;0;0;0;0;1,03E+25
32;Argentina;Gestion de la Informacion de la SCCA;SANTA FE;SAN JERONIMO;82105;32;12;6;4;5;1,03E+25
32;Argentina;Gestion de la Informacion de la SCCA;ENTRE RIOS;COLON;30008;20;4;4;1;9;1,03E+25
32;Argentina;Gestion de la Informacion de la SCCA;ENTRE RIOS;DIAMANTE;30021;51;28;3;4;8;1,03E+25
32;Argentina;Gestion de la Informacion de la SCCA;CORDOBA;TERCERO ARRIBA;14161;105;38;34;7;7;1,03E+25
32;Argentina;Gestion de la Informacion de la SCCA;ENTRE RIOS;NOGOYA;30077;29;9;6;2;7;1,03E+25
32;Argentina;Gestion de la Informacion de la SCCA;MENDOZA;LAS HERAS;50049;5;5;0;0;0;1,03E+25
32;Argentina;Gestion de la Informacion de la SCCA;MENDOZA;LAVALLE;50056;1;1;0;0;0;1,03E+25
32;Argentina;Gestion de la Informacion de la SCCA;ENTRE RIOS;TALA;30091;21;6;3;4;6;1,03E+25
32;Argentina;Gestion de la Informacion de la SCCA;CORDOBA;MARCOS JUAREZ;14063;124;38;25;16;22;1,03E+25
32;Argentina;Gestion de la Informacion de la SCCA;ENTRE RIOS;URUGUAY;30098;28;10;2;0;12;1,03E+25
32;Argentina;Gestion de la Informacion de la SCCA;SAN LUIS;LIBERTADOR GENERAL SAN MARTIN;74063;0;0;0;0;0;1,03E+25
32;Argentina;Gestion de la Informacion de la SCCA;CORDOBA;RIO CUARTO;14098;165;62;32;18;24;1,03E+25
32;Argentina;Gestion de la Informacion de la SCCA;ENTRE RIOS;VICTORIA;30105;7;3;1;0;3;1,03E+25
32;Argentina;Gestion de la Informacion de la SCCA;SANTA FE;BELGRANO;82007;28;13;2;4;7;1,03E+25
32;Argentina;Gestion de la Informacion de la SCCA;SAN LUIS;CHACABUCO;74028;3;1;0;2;0;1,03E+25
32;Argentina;Gestion de la Informacion de la SCCA;SAN LUIS;BELGRANO;74014;0;0;0;0;0;1,03E+25
32;Argentina;Gestion de la Informacion de la SCCA;SANTA FE;IRIONDO;82056;51;26;10;7;0;1,03E+25
32;Argentina;Gestion de la Informacion de la SCCA;SANTA FE;SAN LORENZO;82119;72;27;6;8;19;1,03E+25
32;Argentina;Gestion de la Informacion de la SCCA;MENDOZA;LUJAN DE CUYO;50063;1;0;0;1;0;1,03E+25
32;Argentina;Gestion de la Informacion de la SCCA;ENTRE RIOS;GUALEGUAYCHU;30056;50;25;5;6;8;1,03E+25
32;Argentina;Gestion de la Informacion de la SCCA;SAN LUIS;CORONEL PRINGLES;74021;5;5;0;0;0;1,03E+25
32;Argentina;Gestion de la Informacion de la SCCA;ENTRE RIOS;GUALEGUAY;30049;19;8;5;2;3;1,03E+25
32;Argentina;Gestion de la Informacion de la SCCA;MENDOZA;GUAYMALLEN;50028;18;13;3;0;0;1,03E+25
32;Argentina;Gestion de la Informacion de la SCCA;MENDOZA;MAIPU;50070;24;18;2;2;0;1,03E+25
32;Argentina;Gestion de la Informacion de la SCCA;MENDOZA;CAPITAL;50007;7;1;1;1;0;1,03E+25
32;Argentina;Gestion de la Informacion de la SCCA;MENDOZA;GODOY CRUZ;50021;5;5;0;0;0;1,03E+25
32;Argentina;Gestion de la Informacion de la SCCA;SANTA FE;ROSARIO;82084;244;104;50;26;14;1,03E+25
32;Argentina;Gestion de la Informacion de la SCCA;SAN LUIS;GENERAL PEDERNERA;74035;30;11;8;2;3;1,03E+25
32;Argentina;Gestion de la Informacion de la SCCA;SANTA FE;CASEROS;82014;106;40;12;14;21;1,03E+25
32;Argentina;Gestion de la Informacion de la SCCA;MENDOZA;TUPUNGATO;50126;0;0;0;0;0;1,03E+25
32;Argentina;Gestion de la Informacion de la SCCA;MENDOZA;LA PAZ;50042;0;0;0;0;0;1,03E+25
32;Argentina;Gestion de la Informacion de la SCCA;SAN LUIS;JUAN MARTIN DE PUEYRREDON;74056;3;1;0;0;2;1,03E+25
32;Argentina;Gestion de la Informacion de la SCCA;SANTA FE;CONSTITUCION;82028;56;22;9;5;7;1,03E+25
32;Argentina;Gestion de la Informacion de la SCCA;ENTRE RIOS;ISLAS DEL IBICUY;30063;2;0;0;0;2;1,03E+25
32;Argentina;Gestion de la Informacion de la SCCA;BUENOS AIRES;SAN NICOLAS;6763;13;3;2;0;5;1,03E+25
32;Argentina;Gestion de la Informacion de la SCCA;SANTA FE;GENERAL LOPEZ;82042;158;66;20;20;27;1,03E+25
32;Argentina;Gestion de la Informacion de la SCCA;BUENOS AIRES;RAMALLO;6665;15;5;4;3;2;1,03E+25
32;Argentina;Gestion de la Informacion de la SCCA;MENDOZA;SAN CARLOS;50091;0;0;0;0;0;1,03E+25
32;Argentina;Gestion de la Informacion de la SCCA;BUENOS AIRES;SAN PEDRO;6770;14;9;0;1;2;1,03E+25
32;Argentina;Gestion de la Informacion de la SCCA;BUENOS AIRES;BARADERO;6070;9;5;0;0;4;1,03E+25
32;Argentina;Gestion de la Informacion de la SCCA;CORDOBA;PRESIDENTE ROQUE SAENZ PENA;14084;26;7;5;1;5;1,03E+25
32;Argentina;Gestion de la Informacion de la SCCA;CORDOBA;GENERAL ROCA;14035;22;4;1;2;4;1,03E+25
32;Argentina;Gestion de la Informacion de la SCCA;BUENOS AIRES;ROJAS;6686;12;4;1;0;2;1,03E+25
32;Argentina;Gestion de la Informacion de la SCCA;BUENOS AIRES;ZARATE;6882;13;7;4;0;2;1,03E+25
32;Argentina;Gestion de la Informacion de la SCCA;MENDOZA;SAN RAFAEL;50105;4;4;0;0;0;1,03E+25
32;Argentina;Gestion de la Informacion de la SCCA;BUENOS AIRES;GENERAL ARENALES;6294;17;7;1;1;4;1,03E+25
32;Argentina;Gestion de la Informacion de la SCCA;BUENOS AIRES;CAMPANA;6126;5;1;1;3;0;1,03E+25
32;Argentina;Gestion de la Informacion de la SCCA;BUENOS AIRES;SAN ANTONIO DE ARECO;6735;15;9;3;0;1;1,03E+25
32;Argentina;Gestion de la Informacion de la SCCA;BUENOS AIRES;EXALTACION DE LA CRUZ;6266;7;5;0;1;0;1,03E+25
32;Argentina;Gestion de la Informacion de la SCCA;BUENOS AIRES;JUNIN;6413;42;16;7;5;6;1,03E+25
32;Argentina;Gestion de la Informacion de la SCCA;BUENOS AIRES;LEANDRO N. ALEM;6462;5;3;1;0;1;1,03E+25
32;Argentina;Gestion de la Informacion de la SCCA;BUENOS AIRES;SAN ANDRES DE GILES;6728;19;10;3;3;1;1,03E+25
32;Argentina;Gestion de la Informacion de la SCCA;BUENOS AIRES;ESCOBAR;6252;5;2;1;0;0;1,03E+25
32;Argentina;Gestion de la Informacion de la SCCA;BUENOS AIRES;TIGRE;6805;13;5;3;1;2;1,03E+25
32;Argentina;Gestion de la Informacion de la SCCA;MENDOZA;GENERAL ALVEAR;50014;0;0;0;0;0;1,03E+25
32;Argentina;Gestion de la Informacion de la SCCA;BUENOS AIRES;PILAR;6638;19;11;0;0;2;1,03E+25
32;Argentina;Gestion de la Informacion de la SCCA;BUENOS AIRES;LUJAN;6497;13;5;0;2;1;1,03E+25
32;Argentina;Gestion de la Informacion de la SCCA;MENDOZA;MALARGUE;50077;0;0;0;0;0;1,03E+25
32;Argentina;Gestion de la Informacion de la SCCA;BUENOS AIRES;MALVINAS ARGENTINAS;6515;4;2;0;0;0;1,03E+25
32;Argentina;Gestion de la Informacion de la SCCA;BUENOS AIRES;JOSE C PAZ;6412;1;1;0;0;0;1,03E+25
32;Argentina;Gestion de la Informacion de la SCCA;SAN LUIS;GOBERNADOR DUPUY;74042;0;0;0;0;0;1,03E+25
32;Argentina;Gestion de la Informacion de la SCCA;BUENOS AIRES;SAN ISIDRO;6756;46;17;3;6;4;1,03E+25
32;Argentina;Gestion de la Informacion de la SCCA;BUENOS AIRES;GENERAL SAN MARTIN;6371;4;1;1;0;0;1,03E+25
32;Argentina;Gestion de la Informacion de la SCCA;BUENOS AIRES;MORENO;6560;3;2;0;0;0;1,03E+25
32;Argentina;Gestion de la Informacion de la SCCA;BUENOS AIRES;VICENTE LOPEZ;6861;24;9;3;0;8;1,03E+25
32;Argentina;Gestion de la Informacion de la SCCA;BUENOS AIRES;GENERAL RODRIGUEZ;6364;6;2;0;1;0;1,03E+25
32;Argentina;Gestion de la Informacion de la SCCA;BUENOS AIRES;SAN MIGUEL;6760;1;1;0;0;0;1,03E+25
32;Argentina;Gestion de la Informacion de la SCCA;CABA;COMUNA 13;2013;0;0;0;0;0;1,03E+25
32;Argentina;Gestion de la Informacion de la SCCA;BUENOS AIRES;TRES DE FEBRERO;6840;6;4;0;0;0;1,03E+25
32;Argentina;Gestion de la Informacion de la SCCA;CABA;COMUNA 12;2012;0;0;0;0;0;1,03E+25
32;Argentina;Gestion de la Informacion de la SCCA;BUENOS AIRES;HURLINGHAM;6408;2;1;0;0;1;1,03E+25
32;Argentina;Gestion de la Informacion de la SCCA;CABA;COMUNA 14;2014;0;0;0;0;0;1,03E+25
32;Argentina;Gestion de la Informacion de la SCCA;CABA;COMUNA 15;2015;0;0;0;0;0;1,03E+25
32;Argentina;Gestion de la Informacion de la SCCA;CABA;COMUNA 02;2002;0;0;0;0;0;1,03E+25
32;Argentina;Gestion de la Informacion de la SCCA;BUENOS AIRES;MORON;6568;6;1;2;0;2;1,03E+25
32;Argentina;Gestion de la Informacion de la SCCA;CABA;COMUNA 11;2011;0;0;0;0;0;1,03E+25
32;Argentina;Gestion de la Informacion de la SCCA;BUENOS AIRES;ITUZAINGO;6410;1;0;0;0;0;1,03E+25
32;Argentina;Gestion de la Informacion de la SCCA;CABA;COMUNA 01;2001;0;0;0;0;0;1,03E+25
32;Argentina;Gestion de la Informacion de la SCCA;CABA;COMUNA 05;2005;0;0;0;0;0;1,03E+25
32;Argentina;Gestion de la Informacion de la SCCA;CABA;COMUNA 03;2003;0;0;0;0;0;1,03E+25
32;Argentina;Gestion de la Informacion de la SCCA;CABA;COMUNA 06;2006;0;0;0;0;0;1,03E+25
32;Argentina;Gestion de la Informacion de la SCCA;CABA;COMUNA 10;2010;0;0;0;0;0;1,03E+25
32;Argentina;Gestion de la Informacion de la SCCA;CABA;COMUNA 07;2007;0;0;0;0;0;1,03E+25
32;Argentina;Gestion de la Informacion de la SCCA;BUENOS AIRES;MERLO;6539;0;0;0;0;0;1,03E+25
32;Argentina;Gestion de la Informacion de la SCCA;CABA;COMUNA 04;2004;0;0;0;0;0;1,03E+25
32;Argentina;Gestion de la Informacion de la SCCA;BUENOS AIRES;LA MATANZA;6427;11;4;2;2;2;1,03E+25
32;Argentina;Gestion de la Informacion de la SCCA;CABA;COMUNA 09;2009;0;0;0;0;0;1,03E+25
32;Argentina;Gestion de la Informacion de la SCCA;BUENOS AIRES;AVELLANEDA;6035;7;4;0;1;1;1,03E+25
32;Argentina;Gestion de la Informacion de la SCCA;CABA;COMUNA 08;2008;0;0;0;0;0;1,03E+25
32;Argentina;Gestion de la Informacion de la SCCA;BUENOS AIRES;MARCOS PAZ;6525;5;2;2;0;0;1,03E+25
32;Argentina;Gestion de la Informacion de la SCCA;BUENOS AIRES;LANUS;6434;10;4;1;3;1;1,03E+25
32;Argentina;Gestion de la Informacion de la SCCA;BUENOS AIRES;GENERAL LAS HERAS;6329;8;8;0;0;0;1,03E+25
32;Argentina;Gestion de la Informacion de la SCCA;BUENOS AIRES;LOMAS DE ZAMORA;6490;8;8;0;0;0;1,03E+25
32;Argentina;Gestion de la Informacion de la SCCA;BUENOS AIRES;QUILMES;6658;11;4;4;0;2;1,03E+25
32;Argentina;Gestion de la Informacion de la SCCA;BUENOS AIRES;ESTEBAN ECHEVERRIA;6260;4;4;0;0;0;1,03E+25
32;Argentina;Gestion de la Informacion de la SCCA;BUENOS AIRES;EZEIZA;6270;1;0;1;0;0;1,03E+25
32;Argentina;Gestion de la Informacion de la SCCA;BUENOS AIRES;BERAZATEGUI;6091;3;2;0;0;0;1,03E+25
32;Argentina;Gestion de la Informacion de la SCCA;BUENOS AIRES;ALMIRANTE BROWN;6028;11;8;0;0;0;1,03E+25
32;Argentina;Gestion de la Informacion de la SCCA;BUENOS AIRES;FLORENCIO VARELA;6274;8;5;2;0;0;1,03E+25
32;Argentina;Gestion de la Informacion de la SCCA;BUENOS AIRES;ENSENADA;6245;0;0;0;0;0;1,03E+25
32;Argentina;Gestion de la Informacion de la SCCA;BUENOS AIRES;BERISSO;6098;1;0;0;0;0;1,03E+25
32;Argentina;Gestion de la Informacion de la SCCA;BUENOS AIRES;LA PLATA;6441;40;28;3;0;1;1,03E+25
32;Argentina;Gestion de la Informacion de la SCCA;BUENOS AIRES;PRESIDENTE PERON;6648;0;0;0;0;0;1,03E+25
32;Argentina;Gestion de la Informacion de la SCCA;BUENOS AIRES;CANUELAS;6134;19;11;0;0;5;1,03E+25
32;Argentina;Gestion de la Informacion de la SCCA;BUENOS AIRES;SAN VICENTE;6778;7;3;1;1;0;1,03E+25
32;Argentina;Gestion de la Informacion de la SCCA;BUENOS AIRES;MAGDALENA;6505;1;0;1;0;0;1,03E+25
32;Argentina;Gestion de la Informacion de la SCCA;BUENOS AIRES;BRANDSEN;6119;5;3;1;0;0;1,03E+25
32;Argentina;Gestion de la Informacion de la SCCA;BUENOS AIRES;PUNTA INDIO;6655;1;0;1;0;0;1,03E+25
32;Argentina;Gestion de la Informacion de la SCCA;BUENOS AIRES;GENERAL BELGRANO;6301;13;3;2;2;3;1,03E+25
32;Argentina;Gestion de la Informacion de la SCCA;BUENOS AIRES;LAS FLORES;6455;1;0;0;0;1;1,03E+25
32;Argentina;Gestion de la Informacion de la SCCA;BUENOS AIRES;GENERAL ALVEAR;6287;5;3;0;0;0;1,03E+25
32;Argentina;Gestion de la Informacion de la SCCA;LA PAMPA;CHALILEO;42049;0;0;0;0;0;1,03E+25
32;Argentina;Gestion de la Informacion de la SCCA;LA PAMPA;CHICAL CO;42063;0;0;0;0;0;1,03E+25
32;Argentina;Gestion de la Informacion de la SCCA;BUENOS AIRES;CASTELLI;6168;3;0;1;1;0;1,03E+25
32;Argentina;Gestion de la Informacion de la SCCA;BUENOS AIRES;PILA;6630;0;0;0;0;0;1,03E+25
32;Argentina;Gestion de la Informacion de la SCCA;BUENOS AIRES;TAPALQUE;6798;0;0;0;0;0;1,03E+25
32;Argentina;Gestion de la Informacion de la SCCA;NEUQUEN;CHOS  MALAL;58042;0;0;0;0;0;1,03E+25
32;Argentina;Gestion de la Informacion de la SCCA;NEUQUEN;MINAS;58077;0;0;0;0;0;1,03E+25
32;Argentina;Gestion de la Informacion de la SCCA;BUENOS AIRES;RAUCH;6672;9;6;1;0;1;1,03E+25
32;Argentina;Gestion de la Informacion de la SCCA;BUENOS AIRES;DOLORES;6238;2;1;1;0;0;1,03E+25
32;Argentina;Gestion de la Informacion de la SCCA;BUENOS AIRES;AZUL;6049;30;10;7;0;6;1,03E+25
32;Argentina;Gestion de la Informacion de la SCCA;NEUQUEN;PEHUENCHES;58091;0;0;0;0;0;1,03E+25
32;Argentina;Gestion de la Informacion de la SCCA;LA PAMPA;PUELEN;42112;0;0;0;0;0;1,03E+25
32;Argentina;Gestion de la Informacion de la SCCA;BUENOS AIRES;TANDIL;6791;67;28;11;10;2;1,03E+25
32;Argentina;Gestion de la Informacion de la SCCA;BUENOS AIRES;BENITO JUAREZ;6084;7;7;0;0;0;1,03E+25
32;Argentina;Gestion de la Informacion de la SCCA;NEUQUEN;NORQUIN;58084;0;0;0;0;0;1,03E+25
32;Argentina;Gestion de la Informacion de la SCCA;RIO NEGRO;GENERAL ROCA;62042;5;4;0;0;0;1,03E+25
32;Argentina;Gestion de la Informacion de la SCCA;BUENOS AIRES;BALCARCE;6063;18;10;2;2;1;1,03E+25
32;Argentina;Gestion de la Informacion de la SCCA;LA PAMPA;CURACO;42042;0;0;0;0;0;1,03E+25
32;Argentina;Gestion de la Informacion de la SCCA;LA PAMPA;LIHUEL CALEL;42084;0;0;0;0;0;1,03E+25
32;Argentina;Gestion de la Informacion de la SCCA;NEUQUEN;ANELO;58014;0;0;0;0;0;1,03E+25
32;Argentina;Gestion de la Informacion de la SCCA;NEUQUEN;LONCOPUE;58063;0;0;0;0;0;1,03E+25
32;Argentina;Gestion de la Informacion de la SCCA;BUENOS AIRES;ADOLFO GONZALES CHAVES;6014;13;6;2;1;2;1,03E+25
32;Argentina;Gestion de la Informacion de la SCCA;BUENOS AIRES;LOBERIA;6476;21;4;3;3;5;1,03E+25
32;Argentina;Gestion de la Informacion de la SCCA;BUENOS AIRES;NECOCHEA;6581;68;14;11;11;27;1,03E+25
32;Argentina;Gestion de la Informacion de la SCCA;BUENOS AIRES;TRES ARROYOS;6833;61;23;13;7;6;1,03E+25
32;Argentina;Gestion de la Informacion de la SCCA;BUENOS AIRES;SAN CAYETANO;6742;22;7;11;0;0;1,03E+25
32;Argentina;Gestion de la Informacion de la SCCA;LA PAMPA;CALEU CALEU;42014;2;2;0;0;0;1,03E+25
32;Argentina;Gestion de la Informacion de la SCCA;NEUQUEN;PICUNCHES;58105;0;0;0;0;0;1,03E+25
32;Argentina;Gestion de la Informacion de la SCCA;NEUQUEN;CONFLUENCIA;58035;4;4;0;0;0;1,03E+25
32;Argentina;Gestion de la Informacion de la SCCA;BUENOS AIRES;VILLARINO;6875;14;7;3;2;0;1,03E+25
32;Argentina;Gestion de la Informacion de la SCCA;NEUQUEN;ZAPALA;58112;0;0;0;0;0;1,03E+25
32;Argentina;Gestion de la Informacion de la SCCA;RIO NEGRO;AVELLANEDA;62014;1;1;0;0;0;1,03E+25
32;Argentina;Gestion de la Informacion de la SCCA;RIO NEGRO;PICHI MAHUIDA;62063;1;1;0;0;0;1,03E+25
32;Argentina;Gestion de la Informacion de la SCCA;NEUQUEN;ALUMINE;58007;0;0;0;0;0;1,03E+25
32;Argentina;Gestion de la Informacion de la SCCA;RIO NEGRO;EL CUY;62035;0;0;0;0;0;1,03E+25
32;Argentina;Gestion de la Informacion de la SCCA;NEUQUEN;PICUN LEUFU;58098;0;0;0;0;0;1,03E+25
32;Argentina;Gestion de la Informacion de la SCCA;NEUQUEN;CATAN LIL;58021;0;0;0;0;0;1,03E+25
32;Argentina;Gestion de la Informacion de la SCCA;BUENOS AIRES;PATAGONES;6602;4;0;3;1;0;1,03E+25
32;Argentina;Gestion de la Informacion de la SCCA;NEUQUEN;HUILICHES;58049;0;0;0;0;0;1,03E+25
32;Argentina;Gestion de la Informacion de la SCCA;NEUQUEN;COLLON CURA;58028;0;0;0;0;0;1,03E+25
32;Argentina;Gestion de la Informacion de la SCCA;RIO NEGRO;SAN ANTONIO;62077;0;0;0;0;0;1,03E+25
32;Argentina;Gestion de la Informacion de la SCCA;RIO NEGRO;PILCANIYEU;62070;0;0;0;0;0;1,03E+25
32;Argentina;Gestion de la Informacion de la SCCA;NEUQUEN;LACAR;58056;0;0;0;0;0;1,03E+25
32;Argentina;Gestion de la Informacion de la SCCA;RIO NEGRO;ADOLFO ALSINA;62007;1;1;0;0;0;1,03E+25
32;Argentina;Gestion de la Informacion de la SCCA;NEUQUEN;LOS LAGOS;58070;0;0;0;0;0;1,03E+25
32;Argentina;Gestion de la Informacion de la SCCA;RIO NEGRO;BARILOCHE;62021;2;2;0;0;0;1,03E+25
32;Argentina;Gestion de la Informacion de la SCCA;CHUBUT;BIEDMA;26007;0;0;0;0;0;1,03E+25
32;Argentina;Gestion de la Informacion de la SCCA;CHUBUT;GASTRE;26049;0;0;0;0;0;1,03E+25
32;Argentina;Gestion de la Informacion de la SCCA;CHUBUT;CUSHAMEN;26014;2;2;0;0;0;1,03E+25
32;Argentina;Gestion de la Informacion de la SCCA;CHUBUT;FUTALEUFU;26035;2;2;0;0;0;1,03E+25
32;Argentina;Gestion de la Informacion de la SCCA;CHUBUT;LANGUINEO;26056;0;0;0;0;0;1,03E+25
32;Argentina;Gestion de la Informacion de la SCCA;CHUBUT;RAWSON;26077;5;4;0;0;1;1,03E+25
32;Argentina;Gestion de la Informacion de la SCCA;CHUBUT;GAIMAN;26042;3;3;0;0;0;1,03E+25
32;Argentina;Gestion de la Informacion de la SCCA;CHUBUT;MARTIRES;26063;0;0;0;0;0;1,03E+25
32;Argentina;Gestion de la Informacion de la SCCA;CHUBUT;FLORENTINO AMEGHINO;26028;0;0;0;0;0;1,03E+25
32;Argentina;Gestion de la Informacion de la SCCA;CHUBUT;TEHUELCHES;26098;0;0;0;0;0;1,03E+25
32;Argentina;Gestion de la Informacion de la SCCA;CHUBUT;ESCALANTE;26021;2;1;0;0;1;1,03E+25
32;Argentina;Gestion de la Informacion de la SCCA;CHUBUT;RIO SENGUER;26084;0;0;0;0;0;1,03E+25
32;Argentina;Gestion de la Informacion de la SCCA;SANTA CRUZ;DESEADO;78014;0;0;0;0;0;1,03E+25
32;Argentina;Gestion de la Informacion de la SCCA;SANTA CRUZ;LAGO BUENOS AIRES;78035;0;0;0;0;0;1,03E+25
32;Argentina;Gestion de la Informacion de la SCCA;SANTA CRUZ;RIO CHICO;78049;0;0;0;0;0;1,03E+25
32;Argentina;Gestion de la Informacion de la SCCA;SANTA CRUZ;MAGALLANES;78042;0;0;0;0;0;1,03E+25
32;Argentina;Gestion de la Informacion de la SCCA;SANTA CRUZ;LAGO ARGENTINO;78028;0;0;0;0;0;1,03E+25
32;Argentina;Gestion de la Informacion de la SCCA;SANTA CRUZ;CORPEN AIKE;78007;0;0;0;0;0;1,03E+25
32;Argentina;Gestion de la Informacion de la SCCA;SANTA CRUZ;GUER AIKE;78021;1;1;0;0;0;1,03E+25
32;Argentina;Gestion de la Informacion de la SCCA;TIERRA DEL FUEGO;RIO GRANDE;94007;0;0;0;0;0;1,03E+25
32;Argentina;Gestion de la Informacion de la SCCA;TIERRA DEL FUEGO;USHUAIA;94014;0;0;0;0;0;1,03E+25
32;Argentina;Gestion de la Informacion de la SCCA;BUENOS AIRES;SAN FERNANDO (ISLAS);0;0;0;0;0;0;1,03E+25
32;Argentina;Gestion de la Informacion de la SCCA;BUENOS AIRES;SAN FERNANDO;6749;7;2;0;0;4;1,03E+25
32;Argentina;Gestion de la Informacion de la SCCA;BUENOS AIRES;CHASCOMUS;6217;11;5;1;0;4;1,03E+25
32;Argentina;Gestion de la Informacion de la SCCA;BUENOS AIRES;LEZAMA;6466;0;0;0;0;0;1,03E+25
